<?xml version="1.0" encoding="UTF-8"?>

<mule xmlns:dw="http://www.mulesoft.org/schema/mule/ee/dw" xmlns:db="http://www.mulesoft.org/schema/mule/db" xmlns:tracking="http://www.mulesoft.org/schema/mule/ee/tracking" xmlns:pop3s="http://www.mulesoft.org/schema/mule/pop3s" xmlns:pop3="http://www.mulesoft.org/schema/mule/pop3" xmlns="http://www.mulesoft.org/schema/mule/core" xmlns:doc="http://www.mulesoft.org/schema/mule/documentation"
	xmlns:spring="http://www.springframework.org/schema/beans" 
	xmlns:xsi="http://www.w3.org/2001/XMLSchema-instance"
	xsi:schemaLocation="http://www.springframework.org/schema/beans http://www.springframework.org/schema/beans/spring-beans-current.xsd
http://www.mulesoft.org/schema/mule/core http://www.mulesoft.org/schema/mule/core/current/mule.xsd
http://www.mulesoft.org/schema/mule/pop3 http://www.mulesoft.org/schema/mule/pop3/current/mule-pop3.xsd
http://www.mulesoft.org/schema/mule/pop3s http://www.mulesoft.org/schema/mule/pop3s/current/mule-pop3s.xsd
http://www.mulesoft.org/schema/mule/ee/tracking http://www.mulesoft.org/schema/mule/ee/tracking/current/mule-tracking-ee.xsd
http://www.mulesoft.org/schema/mule/db http://www.mulesoft.org/schema/mule/db/current/mule-db.xsd
http://www.mulesoft.org/schema/mule/ee/dw http://www.mulesoft.org/schema/mule/ee/dw/current/dw.xsd">
    <pop3s:connector name="POP3" validateConnections="true" doc:name="POP3"/>
    <db:oracle-config name="Oracle_Configuration" host="localhost" port="1521" instance="xe" user="system" password="password" doc:name="Oracle Configuration"/>
    <flow name="eaiesb01Flow">
        <pop3s:inbound-endpoint host="pop.gmail.com" port="995" user="gmuletest@gmail.com" password="testing12345" connector-ref="POP3" responseTimeout="1000" doc:name="receiveMail"/>
        <set-session-variable variableName="subject" value="#[message.inboundProperties.Subject.toString()]" doc:name="setSubject"/>
        <set-session-variable variableName="body" value="#[message.payload]" doc:name="setBody"/>
        <set-variable variableName="flowvar" value="#[message.payload]" doc:name="Variable"/>
      <logger message="#['SUBJECT:'] #[message.inboundProperties.subject] #['Body:'] #[sessionVars.body]" level="ERROR" doc:name="Logger"/>
        <choice doc:name="Choice">
            <when expression="#[message.inboundProperties.subject == 'New']">
                <set-payload value="#[payload.split(&quot;,&quot;)]" doc:name="New"/>
                <set-payload value="#[flowVars.flowvar]" doc:name="Set Payload"/>
                <dw:transform-message doc:name="Transform Message">
                    <dw:set-payload><![CDATA[%dw 1.0
%output application/java
---
payload]]></dw:set-payload>
                </dw:transform-message>
                <db:insert config-ref="Oracle_Configuration" doc:name="Database">
                    <db:parameterized-query><![CDATA[insert into muleaccount values (#[payload.split(",")[0]],#[payload.split(",")[1]],#[payload.split(",")[2]])]]></db:parameterized-query>
                </db:insert>
                <set-payload value="Inserted into muleaccount table." doc:name="Inserted"/>
            </when>
            <otherwise>
                <set-payload value="#['No subject or body found']" doc:name="Set Payload"/>
                <db:insert config-ref="Oracle_Configuration" doc:name="Database">
                    <db:parameterized-query><![CDATA[insert into muleaccount values (#[payload.split(",")[0]],'Error',#[payload.split(",")[0]])]]></db:parameterized-query>
                </db:insert>
            </otherwise>
        </choice>
     
    </flow>
</mule>
